time,Voltage (A-N),Voltage (A-N) Min,Voltage (A-N) Max,Voltage (B-N),Voltage (B-N) Min,Voltage (B-N) Max,Voltage (A-B),Voltage (A-B) Min,Voltage (A-B) Max,Pole A,Pole A Max,Pole B,Pole B Min,Pole B Max
2022-08-25 00:00:00,118.675,116.515,120.184,118.51,116.349,120.013,237.331,233.195,240.255,0.01,0.018,0.006,0.003,0.013
2022-08-25 00:04:00,115.058,113.012,120.184,114.898,112.846,120.02,230.187,226.372,240.205,0.01,0.015,0.007,0.004,0.013
2022-08-25 00:09:02,120.097,120.01,120.188,119.929,119.842,120.02,240.213,240.172,240.258,0.01,0.016,0.006,0.004,0.013
2022-08-25 00:13:58,119.964,119.016,120.185,119.797,118.848,120.02,239.926,238.161,240.248,0.01,0.016,0.007,0.003,0.012
2022-08-25 00:18:59,116.893,114.674,119.037,116.73,114.512,118.869,233.772,229.263,238.217,0.009,0.014,0.007,0.005,0.015
2022-08-25 00:24:00,113.427,113.01,114.656,113.27,112.849,114.495,227.023,226.357,229.302,0.009,0.015,0.01,0.004,0.014
2022-08-25 00:29:01,117.1,113.01,120.185,116.938,112.855,120.024,234.301,226.357,240.324,0.009,0.016,0.007,0.004,0.012
2022-08-25 00:33:58,119.418,117.522,120.187,119.253,117.354,120.018,238.836,235.182,240.248,0.01,0.013,0.008,0.004,0.012
2022-08-25 00:38:59,115.59,113.535,117.68,115.429,113.376,117.522,231.204,227.315,235.174,0.01,0.014,0.007,0.004,0.014
2022-08-25 00:44:00,113.94,113.011,120.186,113.782,112.85,120.017,228.078,226.353,240.245,0.01,0.014,0.009,0.004,0.014
2022-08-25 00:49:01,120.099,120.014,120.19,119.932,119.843,120.024,240.214,240.182,240.246,0.011,0.016,0.009,0.005,0.012
2022-08-25 00:53:58,117.953,116.01,120.136,117.791,115.849,119.97,235.88,232.203,240.228,0.009,0.014,0.006,0.004,0.015
2022-08-25 00:58:59,115.553,113.013,120.184,115.395,112.862,120.014,231.208,226.364,240.253,0.01,0.015,0.008,0.005,0.014
2022-08-25 01:04:00,119.784,118.08,120.188,119.617,117.919,120.023,239.555,236.151,240.239,0.01,0.016,0.007,0.004,0.013
2022-08-25 01:09:01,114.253,110.572,118.038,114.093,110.414,117.878,228.641,221.643,236.182,0.009,0.014,0.009,0.004,0.012
2022-08-25 01:13:58,115.024,109.008,120.185,114.866,108.863,120.021,230.231,218.469,240.246,0.01,0.014,0.008,0.004,0.014
2022-08-25 01:18:59,117.119,113.589,120.18,116.954,113.434,120.017,234.252,227.325,240.227,0.01,0.013,0.006,0.003,0.012
2022-08-25 01:24:00,110.406,109.013,113.66,110.253,108.863,113.5,221.135,218.469,227.424,0.01,0.014,0.007,0.004,0.012
2022-08-25 01:29:01,117.147,109.009,120.185,116.986,108.863,120.023,234.401,218.473,240.241,0.009,0.015,0.008,0.004,0.013
2022-08-25 01:34:02,116.674,113.041,120.07,116.512,112.884,119.906,233.362,226.382,240.231,0.009,0.014,0.006,0.004,0.013
2022-08-25 01:38:59,114.596,109.01,120.186,114.438,108.864,120.021,229.41,218.474,240.242,0.01,0.014,0.007,0.004,0.012
2022-08-25 01:44:00,118.853,115.673,120.186,118.69,115.509,120.025,237.694,231.204,240.242,0.01,0.014,0.008,0.004,0.012
2022-08-25 01:56:03,111.071,0.095,120.312,110.915,0.081,120.143,222.758,0.122,240.556,0.175,10.253,0.177,0.006,10.263
2022-08-25 02:01:03,120.067,119.818,120.211,119.897,119.654,120.041,240.128,239.503,240.48,0.015,0.018,0.017,0.014,0.02
2022-08-25 02:06:04,119.916,119.691,120.106,119.743,119.518,119.934,239.846,239.341,240.201,0.015,0.02,0.016,0.014,0.02
2022-08-25 02:11:02,119.815,119.566,120.029,119.641,119.393,119.855,239.644,239.248,240.169,0.015,0.019,0.016,0.014,0.02
2022-08-25 02:16:03,119.84,119.592,120.121,119.667,119.419,119.948,239.705,239.157,240.246,0.016,0.018,0.017,0.015,0.018
2022-08-25 02:21:04,119.914,119.731,120.08,119.74,119.56,119.908,239.847,239.461,240.144,0.015,0.02,0.016,0.014,0.019
2022-08-25 02:26:05,119.822,119.497,119.997,119.648,119.325,119.825,239.626,239.08,239.925,0.016,0.018,0.015,0.014,0.019
2022-08-25 02:31:02,119.748,119.558,119.918,119.575,119.386,119.745,239.538,239.189,239.857,0.016,0.02,0.016,0.014,0.02
2022-08-25 02:36:03,119.767,119.596,119.937,119.594,119.423,119.764,239.574,239.296,239.927,0.015,0.019,0.016,0.014,0.02
2022-08-25 02:41:04,120.165,119.527,120.692,119.991,119.355,120.518,240.346,238.939,241.366,0.015,0.018,0.016,0.014,0.02
2022-08-25 02:46:05,120.469,120.273,120.62,120.296,120.1,120.445,240.938,240.568,241.169,0.015,0.017,0.015,0.014,0.018
2022-08-25 02:51:02,120.419,120.102,120.611,120.245,119.93,120.437,240.836,240.397,241.164,0.015,0.02,0.016,0.014,0.021
2022-08-25 02:56:03,120.53,120.388,120.651,120.356,120.214,120.476,241.056,240.78,241.265,0.015,0.019,0.017,0.014,0.02
2022-08-25 03:01:04,120.559,120.343,120.825,120.387,120.171,120.654,241.146,240.774,241.687,0.016,0.019,0.015,0.014,0.02
2022-08-25 03:06:05,120.844,120.498,121.073,120.672,120.327,120.902,241.734,240.996,242.171,0.015,0.021,0.016,0.014,0.021
2022-08-25 03:11:02,120.784,120.615,120.931,120.613,120.445,120.758,241.603,241.311,241.91,0.015,0.02,0.015,0.014,0.019
2022-08-25 03:16:03,120.788,120.642,120.988,120.617,120.471,120.817,241.649,241.422,241.964,0.014,0.021,0.017,0.014,0.02
2022-08-25 03:21:04,120.826,120.551,120.948,120.656,120.377,120.777,241.663,241.202,242.024,0.015,0.02,0.016,0.015,0.021
2022-08-25 03:26:05,120.757,120.578,120.921,120.586,120.406,120.751,241.575,241.344,241.815,0.017,0.02,0.016,0.014,0.021
2022-08-25 03:31:02,120.755,120.543,120.886,120.584,120.373,120.714,241.555,241.145,241.765,0.015,0.019,0.016,0.014,0.021
2022-08-25 03:36:03,120.716,120.605,120.864,120.545,120.434,120.692,241.463,241.25,241.718,0.015,0.018,0.017,0.014,0.02
2022-08-25 03:41:04,120.659,120.414,120.789,120.488,120.242,120.618,241.337,240.916,241.627,0.016,0.018,0.016,0.014,0.018
2022-08-25 03:46:05,120.663,120.499,120.83,120.492,120.329,120.659,241.41,241.209,241.627,0.014,0.021,0.017,0.014,0.02
2022-08-25 03:51:06,120.602,120.399,120.83,120.43,120.228,120.657,241.229,240.992,241.507,0.015,0.018,0.016,0.014,0.02
2022-08-25 03:56:03,120.664,120.489,120.884,120.493,120.319,120.713,241.367,241.162,241.62,0.015,0.02,0.015,0.014,0.018
2022-08-25 04:01:04,120.8,120.503,121.348,120.627,120.331,121.176,241.643,241.174,242.674,0.015,0.018,0.017,0.014,0.023
2022-08-25 04:06:05,121.471,121.115,121.679,121.3,120.943,121.506,243.001,242.405,243.391,0.014,0.018,0.017,0.015,0.02
2022-08-25 04:11:06,121.479,121.341,121.622,121.307,121.169,121.449,243.039,242.851,243.23,0.016,0.018,0.016,0.014,0.02
2022-08-25 04:16:03,121.536,121.303,121.746,121.364,121.132,121.573,243.165,242.699,243.44,0.015,0.019,0.016,0.014,0.019
2022-08-25 04:21:04,121.591,121.302,121.761,121.418,121.128,121.588,243.258,242.874,243.519,0.016,0.018,0.017,0.014,0.019
2022-08-25 04:26:05,121.64,121.417,121.816,121.467,121.245,121.642,243.351,243.002,243.635,0.014,0.019,0.016,0.014,0.02
2022-08-25 04:31:06,121.77,121.609,121.899,121.597,121.438,121.724,243.58,243.286,243.9,0.015,0.02,0.018,0.014,0.02
2022-08-25 04:36:03,121.83,121.608,121.956,121.659,121.437,121.782,243.764,243.462,244,0.015,0.02,0.016,0.015,0.021
2022-08-25 04:41:04,121.695,121.394,121.848,121.522,121.222,121.675,243.463,242.894,243.715,0.016,0.019,0.017,0.015,0.02
2022-08-25 04:46:05,121.752,121.598,121.983,121.579,121.423,121.809,243.6,243.346,244.045,0.015,0.018,0.016,0.015,0.02
2022-08-25 04:51:06,121.847,121.697,122.127,121.675,121.525,121.955,243.777,243.488,244.256,0.016,0.019,0.017,0.014,0.02
2022-08-25 04:56:03,121.996,121.831,122.136,121.824,121.658,121.963,244.099,243.874,244.267,0.014,0.018,0.016,0.014,0.02
2022-08-25 05:01:04,122.021,121.86,122.246,121.848,121.686,122.072,244.158,243.856,244.452,0.015,0.017,0.016,0.014,0.019
2022-08-25 05:06:05,121.952,121.215,122.347,121.779,121.043,122.174,244.028,242.565,244.778,0.016,0.019,0.016,0.014,0.02
2022-08-25 05:11:06,121.401,121.222,121.689,121.229,121.051,121.517,242.906,242.58,243.255,0.014,0.018,0.016,0.014,0.022
2022-08-25 05:16:03,121.526,121.377,121.69,121.353,121.205,121.518,243.129,242.875,243.358,0.015,0.019,0.016,0.015,0.018
2022-08-25 05:21:04,121.704,121.549,121.871,121.532,121.378,121.7,243.474,243.207,243.749,0.015,0.018,0.017,0.014,0.018
2022-08-25 05:26:05,121.734,121.586,121.899,121.562,121.413,121.727,243.518,243.266,243.804,0.016,0.019,0.017,0.014,0.02
2022-08-25 05:31:06,121.806,121.626,122.087,121.634,121.454,121.914,243.774,243.451,244.297,0.016,0.02,0.016,0.014,0.021
2022-08-25 05:36:03,122.037,121.87,122.189,121.865,121.698,122.017,244.228,243.913,244.481,0.014,0.019,0.015,0.014,0.02
2022-08-25 05:41:04,122.093,121.922,122.336,121.921,121.749,122.163,244.312,243.991,244.748,0.015,0.019,0.017,0.015,0.019
2022-08-25 05:46:05,121.8,120.695,122.424,121.626,120.522,122.251,243.686,241.492,244.914,0.016,0.021,0.016,0.014,0.019
2022-08-25 05:51:06,120.894,120.746,121.056,120.721,120.575,120.883,241.851,241.544,242.148,0.014,0.018,0.015,0.014,0.019
2022-08-25 05:56:02,120.971,120.793,121.099,120.798,120.621,120.927,241.976,241.665,242.233,0.015,0.018,0.017,0.014,0.021
2022-08-25 06:01:03,120.925,120.639,121.111,120.753,120.467,120.938,241.887,241.333,242.154,0.015,0.019,0.015,0.014,0.02
2022-08-25 06:06:04,120.802,120.446,120.956,120.629,120.274,120.784,241.635,241.125,241.83,0.015,0.019,0.016,0.015,0.019
2022-08-25 06:11:06,120.734,120.508,121.026,120.562,120.337,120.852,241.502,241.03,241.973,0.016,0.018,0.015,0.014,0.019
2022-08-25 06:16:03,120.843,120.693,120.99,120.671,120.521,120.816,241.707,241.454,241.953,0.016,0.02,0.016,0.014,0.018
2022-08-25 06:21:04,120.685,120.463,120.849,120.513,120.289,120.677,241.389,241.065,241.626,0.015,0.02,0.016,0.014,0.021
2022-08-25 06:26:05,120.67,120.474,120.849,120.497,120.3,120.675,241.374,241.121,241.687,0.016,0.021,0.017,0.015,0.02
2022-08-25 06:31:06,120.735,120.516,121.045,120.561,120.343,120.871,241.493,241.186,242.086,0.015,0.019,0.017,0.014,0.02
2022-08-25 06:36:03,120.732,120.599,120.851,120.559,120.425,120.676,241.49,241.254,241.711,0.014,0.018,0.016,0.014,0.02
2022-08-25 06:41:04,120.76,120.585,120.911,120.586,120.412,120.737,241.586,241.369,241.778,0.015,0.018,0.017,0.014,0.02
2022-08-25 06:46:05,120.862,120.719,121.009,120.688,120.545,120.833,241.737,241.463,241.973,0.016,0.019,0.016,0.015,0.022
2022-08-25 06:51:06,120.824,120.634,121.002,120.649,120.462,120.828,241.646,241.176,241.961,0.016,0.019,0.016,0.014,0.019
2022-08-25 06:56:03,120.965,120.761,121.201,120.791,120.587,121.027,241.931,241.648,242.347,0.015,0.018,0.017,0.015,0.019
2022-08-25 07:01:04,121.2,121.017,121.34,121.024,120.842,121.164,242.411,242.072,242.68,0.014,0.017,0.016,0.014,0.019
2022-08-25 07:06:05,121.03,120.739,121.31,120.855,120.563,121.135,242.123,241.503,242.628,0.016,0.018,0.017,0.014,0.019
2022-08-25 07:11:06,121.007,120.833,121.169,120.831,120.658,120.992,242.042,241.778,242.334,0.015,0.02,0.017,0.014,0.019
2022-08-25 07:16:03,121.052,120.889,121.257,120.876,120.714,121.081,242.146,241.872,242.52,0.015,0.018,0.017,0.014,0.02
2022-08-25 07:21:02,121.229,121.109,121.387,121.053,120.934,121.211,242.495,242.208,242.732,0.014,0.018,0.015,0.014,0.019
2022-08-25 07:26:03,121.141,120.817,121.328,120.965,120.642,121.152,242.292,241.667,242.738,0.015,0.019,0.016,0.014,0.022
2022-08-25 07:31:05,120.929,120.815,121.064,120.754,120.64,120.889,241.908,241.631,242.176,0.014,0.018,0.018,0.014,0.019
2022-08-25 07:36:02,120.972,120.852,121.144,120.797,120.677,120.968,241.97,241.796,242.246,0.014,0.018,0.017,0.015,0.02
2022-08-25 07:41:03,121.062,119.999,121.716,120.886,119.823,121.539,242.184,240.029,243.474,0.015,0.02,0.016,0.014,0.019
2022-08-25 07:46:04,121.136,120.972,121.267,120.958,120.794,121.09,242.31,242.058,242.526,0.015,0.018,0.017,0.015,0.021
2022-08-25 07:51:05,121.09,120.933,121.215,120.913,120.757,121.036,242.222,241.963,242.399,0.016,0.018,0.016,0.014,0.018
2022-08-25 07:56:02,121.076,120.864,121.278,120.899,120.686,121.101,242.185,241.876,242.515,0.016,0.018,0.016,0.014,0.02
2022-08-25 08:01:03,121.183,121.025,121.416,121.005,120.847,121.237,242.429,242.175,242.74,0.016,0.02,0.017,0.015,0.022
2022-08-25 08:06:04,121.322,121.168,121.52,121.143,120.99,121.342,242.706,242.34,242.931,0.015,0.02,0.017,0.015,0.02
2022-08-25 08:11:05,121.409,121.278,121.538,121.23,121.099,121.359,242.823,242.603,243.046,0.014,0.021,0.015,0.015,0.021
2022-08-25 08:16:02,121.392,121.245,121.532,121.214,121.068,121.353,242.923,242.707,243.157,0.015,0.019,0.016,0.014,0.02
2022-08-25 08:21:03,121.145,120.901,121.515,120.967,120.725,121.336,242.328,241.905,243.055,0.014,0.019,0.018,0.015,0.022
2022-08-25 08:26:04,121.068,120.948,121.185,120.89,120.769,121.008,242.225,242.059,242.419,0.016,0.023,0.017,0.015,0.019
2022-08-25 08:31:05,121.118,120.967,121.249,120.94,120.789,121.07,242.269,242.105,242.502,0.017,0.019,0.016,0.015,0.021
2022-08-25 08:36:06,121.199,121.049,121.329,121.02,120.871,121.151,242.449,242.076,242.679,0.016,0.018,0.018,0.014,0.023
2022-08-25 08:41:03,121.287,121.149,121.436,121.108,120.969,121.257,242.618,242.351,242.836,0.016,0.02,0.017,0.014,0.022
2022-08-25 08:46:04,121.343,121.155,121.536,121.164,120.977,121.357,242.777,242.483,243.057,0.015,0.02,0.016,0.015,0.021
2022-08-25 08:51:05,121.4,121.228,121.536,121.22,121.05,121.357,242.863,242.649,243.038,0.016,0.019,0.018,0.015,0.019
2022-08-25 08:56:06,121.45,121.287,121.673,121.271,121.109,121.494,243.016,242.792,243.373,0.016,0.019,0.016,0.015,0.021
2022-08-25 09:01:03,121.615,121.397,121.835,121.436,121.219,121.654,243.306,242.889,243.583,0.016,0.02,0.016,0.015,0.022
2022-08-25 09:06:04,121.667,121.439,121.982,121.488,121.259,121.802,243.413,243.021,243.887,0.015,0.019,0.018,0.015,0.019
2022-08-25 09:11:05,121.962,121.713,122.174,121.782,121.532,121.994,244.038,243.587,244.411,0.015,0.018,0.017,0.015,0.019
2022-08-25 09:16:06,121.673,121.46,121.903,121.493,121.279,121.722,243.368,243.132,243.77,0.015,0.019,0.015,0.015,0.02
2022-08-25 09:21:03,121.777,121.607,121.935,121.597,121.429,121.755,243.638,243.433,243.881,0.015,0.019,0.018,0.015,0.02
2022-08-25 09:26:04,121.882,121.757,122.019,121.702,121.579,121.837,243.891,243.562,244.143,0.017,0.018,0.017,0.015,0.021
2022-08-25 09:31:05,121.965,121.794,122.157,121.786,121.614,121.977,244.029,243.854,244.271,0.015,0.019,0.017,0.015,0.021
2022-08-25 09:36:06,121.873,121.724,122.007,121.693,121.543,121.827,243.837,243.599,244.059,0.017,0.019,0.017,0.015,0.019
2022-08-25 09:41:03,121.927,121.792,122.035,121.747,121.613,121.854,243.947,243.55,244.183,0.016,0.018,0.017,0.015,0.02
2022-08-25 09:46:04,121.993,121.857,122.134,121.813,121.678,121.955,244.106,243.88,244.291,0.017,0.019,0.017,0.015,0.021
2022-08-25 09:51:05,122.028,121.856,122.235,121.848,121.677,122.056,244.145,243.809,244.457,0.015,0.018,0.017,0.015,0.02
2022-08-25 09:56:06,122.071,121.932,122.187,121.892,121.752,122.009,244.227,243.974,244.452,0.017,0.019,0.016,0.015,0.019
2022-08-25 10:01:03,122.173,122.037,122.371,121.994,121.857,122.191,244.456,244.229,244.678,0.015,0.019,0.017,0.015,0.02
2022-08-25 10:06:04,121.508,120.983,122.369,121.329,120.804,122.189,243.062,242.089,244.675,0.015,0.019,0.017,0.015,0.019
2022-08-25 10:11:05,121.28,121.049,121.477,121.103,120.871,121.299,242.628,242.385,243.013,0.015,0.019,0.016,0.015,0.02
2022-08-25 10:16:06,121.224,120.991,121.492,121.047,120.814,121.313,242.488,242.158,242.955,0.015,0.02,0.018,0.015,0.02
2022-08-25 10:21:03,121.159,120.969,121.324,120.98,120.789,121.146,242.367,242.079,242.557,0.017,0.019,0.016,0.015,0.021
2022-08-25 10:26:04,121.169,120.966,121.39,120.991,120.787,121.212,242.391,241.964,242.85,0.017,0.019,0.016,0.015,0.019
2022-08-25 10:31:05,121.357,121.209,121.462,121.179,121.031,121.283,242.772,242.549,242.967,0.014,0.02,0.017,0.015,0.021
2022-08-25 10:36:06,121.431,121.295,121.584,121.253,121.117,121.408,242.943,242.75,243.258,0.015,0.019,0.017,0.015,0.021
2022-08-25 10:41:03,121.507,121.294,121.665,121.329,121.115,121.487,243.086,242.7,243.349,0.015,0.018,0.017,0.015,0.02
2022-08-25 10:46:04,121.49,121.333,121.636,121.313,121.155,121.458,243.022,242.812,243.219,0.015,0.02,0.017,0.015,0.02
2022-08-25 10:51:05,121.525,121.38,121.648,121.346,121.202,121.468,243.126,242.94,243.284,0.017,0.022,0.016,0.015,0.021
2022-08-25 10:56:06,121.563,121.451,121.712,121.385,121.272,121.533,243.171,242.965,243.447,0.015,0.02,0.017,0.015,0.02
2022-08-25 11:01:03,121.682,121.52,121.941,121.504,121.342,121.763,243.406,243.126,243.798,0.014,0.018,0.016,0.015,0.021
2022-08-25 11:06:04,121.662,121.419,121.867,121.484,121.242,121.689,243.388,243.093,243.674,0.017,0.02,0.018,0.015,0.021
2022-08-25 11:11:05,121.617,121.439,121.807,121.439,121.261,121.627,243.304,243.049,243.541,0.016,0.02,0.018,0.015,0.019
2022-08-25 11:16:06,121.731,121.6,121.955,121.554,121.422,121.777,243.589,243.378,243.901,0.015,0.02,0.016,0.015,0.02
2022-08-25 11:21:03,121.674,121.253,121.954,121.497,121.076,121.777,243.385,242.693,244.016,0.016,0.018,0.017,0.015,0.02
2022-08-25 11:26:04,121.507,121.356,121.687,121.33,121.179,121.509,243.079,242.759,243.34,0.016,0.02,0.018,0.015,0.021
2022-08-25 11:31:05,121.563,121.365,121.746,121.386,121.186,121.568,243.233,242.938,243.489,0.017,0.019,0.017,0.015,0.02
2022-08-25 11:36:06,121.621,121.457,121.821,121.443,121.281,121.642,243.314,243.002,243.772,0.015,0.019,0.017,0.015,0.02
2022-08-25 11:41:03,121.534,121.384,121.745,121.357,121.206,121.567,243.129,242.87,243.511,0.016,0.02,0.019,0.015,0.021
2022-08-25 11:46:04,121.689,121.566,121.865,121.511,121.39,121.687,243.429,243.23,243.714,0.016,0.02,0.017,0.015,0.02
2022-08-25 11:51:05,121.759,121.623,121.855,121.581,121.445,121.676,243.598,243.448,243.726,0.015,0.019,0.017,0.015,0.021
2022-08-25 11:56:06,121.775,121.626,121.936,121.597,121.448,121.758,243.628,243.429,243.91,0.016,0.02,0.018,0.015,0.02
2022-08-25 12:01:03,121.894,121.688,122.085,121.716,121.51,121.907,243.886,243.616,244.189,0.016,0.019,0.016,0.015,0.022
2022-08-25 12:06:04,121.937,121.755,122.106,121.759,121.578,121.928,243.963,243.743,244.319,0.015,0.019,0.017,0.015,0.02
2022-08-25 12:11:05,121.981,121.831,122.159,121.803,121.654,121.98,244.057,243.74,244.33,0.015,0.02,0.017,0.015,0.02
2022-08-25 12:16:06,121.949,121.784,122.107,121.772,121.607,121.928,244.01,243.762,244.252,0.017,0.02,0.016,0.015,0.02
2022-08-25 12:21:03,122.044,121.812,122.23,121.867,121.634,122.053,244.21,243.783,244.499,0.017,0.019,0.017,0.015,0.02
2022-08-25 12:26:04,122.114,122.015,122.237,121.935,121.836,122.06,244.34,244.136,244.554,0.016,0.02,0.017,0.015,0.02
2022-08-25 12:31:05,122.183,122.075,122.273,122.005,121.897,122.095,244.47,244.275,244.609,0.016,0.02,0.017,0.015,0.021
2022-08-25 12:36:06,122.143,121.988,122.324,121.965,121.809,122.147,244.425,244.169,244.806,0.018,0.02,0.017,0.015,0.02
2022-08-25 12:41:03,122.277,122.159,122.404,122.099,121.981,122.226,244.67,244.456,244.83,0.016,0.021,0.018,0.015,0.021
2022-08-25 12:46:04,122.316,122.154,122.437,122.138,121.977,122.26,244.734,244.53,244.918,0.016,0.021,0.016,0.015,0.02
2022-08-25 12:51:05,122.279,122.115,122.451,122.101,121.937,122.272,244.667,244.252,244.968,0.017,0.019,0.018,0.015,0.02
2022-08-25 12:56:06,122.224,122.065,122.356,122.047,121.888,122.177,244.52,244.361,244.721,0.015,0.019,0.017,0.015,0.02
2022-08-25 13:01:03,122.277,122.085,122.408,122.099,121.909,122.228,244.688,244.388,245.035,0.017,0.022,0.016,0.015,0.021
2022-08-25 13:06:03,122.327,122.171,122.467,122.149,121.994,122.291,244.796,244.551,244.999,0.016,0.02,0.017,0.015,0.02
2022-08-25 13:11:05,122.324,122.135,122.545,122.145,121.956,122.368,244.813,244.496,245.059,0.017,0.018,0.017,0.015,0.021
2022-08-25 13:16:06,122.423,122.279,122.566,122.245,122.102,122.388,244.932,244.659,245.137,0.015,0.02,0.017,0.015,0.021
2022-08-25 13:21:03,122.399,122.268,122.526,122.223,122.09,122.348,244.928,244.674,245.108,0.016,0.018,0.016,0.015,0.02
2022-08-25 13:26:04,122.479,122.382,122.58,122.3,122.205,122.401,245.047,244.801,245.238,0.015,0.02,0.017,0.015,0.02
2022-08-25 13:31:05,122.49,122.381,122.605,122.313,122.203,122.428,245.128,244.941,245.286,0.016,0.018,0.017,0.015,0.02
2022-08-25 13:36:06,121.044,120.91,122.461,120.869,120.734,122.283,242.151,241.895,245.114,0.015,0.019,0.016,0.015,0.02
2022-08-25 13:41:03,120.982,120.864,121.135,120.807,120.689,120.96,242.038,241.836,242.207,0.016,0.019,0.016,0.015,0.02
2022-08-25 13:46:04,121.009,120.867,121.154,120.835,120.693,120.978,242.082,241.854,242.27,0.017,0.018,0.017,0.015,0.021
2022-08-25 13:51:05,121.016,120.877,121.177,120.841,120.701,121.002,242.069,241.858,242.259,0.017,0.019,0.017,0.015,0.021
2022-08-25 13:56:06,120.956,120.741,121.144,120.782,120.566,120.968,241.972,241.635,242.222,0.015,0.019,0.018,0.015,0.021
2022-08-25 14:01:03,120.893,120.73,121.047,120.719,120.556,120.873,241.881,241.615,242.085,0.017,0.019,0.017,0.015,0.021
2022-08-25 14:06:04,120.732,120.43,120.886,120.56,120.257,120.711,241.512,241.041,241.749,0.016,0.019,0.017,0.015,0.019
2022-08-25 14:11:05,122.021,120.585,122.2,121.846,120.412,122.024,244.152,241.318,244.314,0.016,0.02,0.018,0.015,0.021
2022-08-25 14:16:06,122.034,121.867,122.17,121.859,121.692,121.994,244.179,243.737,244.366,0.016,0.019,0.017,0.015,0.02
2022-08-25 14:21:03,122.09,121.875,122.234,121.915,121.701,122.059,244.275,243.981,244.521,0.017,0.018,0.016,0.015,0.02
2022-08-25 14:26:04,121.976,121.766,122.125,121.8,121.591,121.948,244.047,243.677,244.28,0.016,0.02,0.017,0.015,0.02
2022-08-25 14:31:05,122.051,121.876,122.205,121.875,121.7,122.029,244.202,243.996,244.392,0.016,0.02,0.016,0.015,0.02
2022-08-25 14:36:06,122.003,121.757,122.273,121.827,121.583,122.098,244.115,243.762,244.71,0.016,0.021,0.016,0.015,0.02
2022-08-25 14:41:03,122.182,122.044,122.351,122.007,121.871,122.176,244.488,244.278,244.639,0.018,0.02,0.017,0.015,0.02
2022-08-25 14:46:04,122.158,121.978,122.553,121.983,121.803,122.378,244.425,244.125,245.147,0.015,0.021,0.016,0.015,0.019
2022-08-25 14:51:05,121.175,120.932,122.5,121.001,120.758,122.324,242.377,241.989,245.131,0.014,0.02,0.018,0.015,0.021
2022-08-25 14:56:06,121.053,120.895,121.169,120.879,120.722,120.996,242.088,241.831,242.278,0.016,0.019,0.017,0.015,0.02
2022-08-25 15:01:03,120.956,120.617,121.145,120.782,120.444,120.97,241.953,241.339,242.305,0.016,0.02,0.018,0.015,0.02
2022-08-25 15:06:04,120.517,120.118,120.852,120.344,119.945,120.679,241.055,240.356,241.581,0.017,0.018,0.017,0.015,0.02
2022-08-25 15:11:05,120.153,119.955,120.334,119.981,119.782,120.159,240.297,239.982,240.595,0.015,0.018,0.016,0.014,0.022
2022-08-25 15:16:06,120.088,119.919,120.208,119.916,119.746,120.036,240.184,240.018,240.389,0.015,0.018,0.016,0.014,0.019
2022-08-25 15:21:03,120.538,119.893,121.451,120.365,119.72,121.278,241.127,239.844,242.919,0.015,0.018,0.016,0.014,0.02
2022-08-25 15:26:04,121.357,121.12,121.536,121.182,120.946,121.36,242.777,242.504,242.995,0.016,0.02,0.016,0.014,0.021
2022-08-25 15:31:05,121.533,121.258,121.718,121.358,121.085,121.543,243.15,242.658,243.434,0.016,0.019,0.016,0.014,0.02
2022-08-25 15:36:06,121.527,121.262,121.696,121.353,121.088,121.521,243.14,242.749,243.456,0.015,0.018,0.016,0.014,0.018
2022-08-25 15:41:03,121.455,121.228,121.62,121.281,121.053,121.446,242.97,242.675,243.133,0.015,0.017,0.016,0.014,0.02
2022-08-25 15:46:04,121.384,121.117,121.542,121.21,120.944,121.368,242.86,242.38,243.136,0.014,0.021,0.016,0.015,0.021
2022-08-25 15:51:05,121.523,121.326,121.717,121.348,121.151,121.541,243.169,242.818,243.46,0.014,0.02,0.015,0.014,0.018
2022-08-25 15:56:06,121.601,121.494,121.725,121.426,121.318,121.549,243.263,243.053,243.473,0.015,0.018,0.016,0.014,0.018
2022-08-25 16:01:03,121.539,121.182,121.711,121.365,121.009,121.536,243.184,242.442,243.498,0.015,0.018,0.016,0.014,0.019
2022-08-25 16:06:04,121.264,121.024,121.48,121.091,120.851,121.305,242.584,242.152,242.84,0.016,0.019,0.017,0.014,0.019
2022-08-25 16:11:05,121.177,120.94,121.366,121.003,120.765,121.193,242.392,241.928,242.787,0.015,0.018,0.017,0.014,0.019
2022-08-25 16:16:06,121.558,121.205,121.816,121.383,121.032,121.641,243.199,242.581,243.687,0.015,0.018,0.015,0.014,0.019
2022-08-25 16:21:07,121.662,121.379,121.811,121.487,121.204,121.637,243.353,242.757,243.618,0.014,0.018,0.016,0.014,0.019
2022-08-25 16:26:04,121.634,121.48,121.81,121.46,121.305,121.635,243.364,243.177,243.575,0.017,0.018,0.015,0.014,0.021
2022-08-25 16:31:05,121.688,121.462,121.918,121.513,121.288,121.744,243.48,242.863,243.81,0.015,0.018,0.017,0.014,0.019
2022-08-25 16:36:06,120.796,120.185,121.973,120.624,120.013,121.798,241.609,240.498,243.982,0.016,0.018,0.015,0.014,0.019
2022-08-25 16:41:07,120.276,120.112,120.448,120.104,119.939,120.276,240.559,240.372,240.778,0.014,0.018,0.017,0.014,0.02
2022-08-25 16:46:04,120.33,120.083,120.555,120.159,119.913,120.382,240.702,240.395,241.072,0.015,0.017,0.015,0.014,0.019
2022-08-25 16:51:05,120.642,120.47,120.813,120.469,120.298,120.64,241.309,241.014,241.683,0.014,0.017,0.015,0.014,0.022
2022-08-25 16:56:06,120.803,120.523,120.988,120.631,120.351,120.815,241.654,241.053,241.924,0.015,0.019,0.016,0.014,0.018
2022-08-25 17:01:07,120.992,120.708,121.306,120.818,120.536,121.133,242.043,241.426,242.714,0.014,0.019,0.017,0.014,0.02
2022-08-25 17:06:04,121.101,120.763,121.354,120.928,120.59,121.18,242.237,241.685,242.574,0.016,0.017,0.016,0.014,0.02
2022-08-25 17:11:05,120.995,120.613,121.161,120.821,120.439,120.988,242.05,241.426,242.417,0.014,0.019,0.016,0.014,0.018
2022-08-25 17:16:06,121.133,120.957,121.282,120.96,120.784,121.106,242.306,242.015,242.511,0.015,0.019,0.017,0.014,0.022
2022-08-25 17:21:07,121.13,120.945,121.279,120.957,120.771,121.104,242.307,242.09,242.531,0.015,0.019,0.016,0.014,0.02
2022-08-25 17:26:04,121.342,121.087,121.588,121.167,120.914,121.413,242.711,242.228,243.2,0.014,0.018,0.017,0.014,0.02
2022-08-25 17:31:05,121.437,121.173,121.556,121.262,120.999,121.382,242.935,242.346,243.123,0.015,0.019,0.016,0.014,0.02
2022-08-25 17:36:06,121.313,121.145,121.453,121.139,120.97,121.278,242.674,242.268,242.879,0.014,0.019,0.015,0.014,0.019
2022-08-25 17:41:07,121.242,120.991,121.387,121.069,120.818,121.215,242.533,241.979,242.746,0.015,0.019,0.016,0.014,0.021
2022-08-25 17:46:04,121.315,121.015,121.472,121.141,120.841,121.299,242.692,242.135,242.959,0.015,0.018,0.015,0.014,0.02
2022-08-25 17:51:04,121.238,120.905,121.412,121.064,120.733,121.239,242.543,241.963,242.876,0.016,0.018,0.015,0.014,0.02
2022-08-25 17:56:05,121.191,120.667,121.383,121.018,120.494,121.208,242.421,241.275,242.794,0.015,0.017,0.016,0.014,0.019
2022-08-25 18:01:07,121.035,120.686,121.224,120.862,120.513,121.052,242.104,241.427,242.508,0.014,0.019,0.015,0.014,0.02
2022-08-25 18:06:03,120.964,120.761,121.18,120.792,120.588,121.007,241.955,241.401,242.349,0.015,0.017,0.015,0.014,0.019
2022-08-25 18:11:04,120.929,120.542,121.148,120.757,120.371,120.974,241.892,241.142,242.239,0.015,0.019,0.015,0.014,0.02
2022-08-25 18:16:05,121.036,120.808,121.216,120.864,120.634,121.043,242.096,241.65,242.348,0.014,0.018,0.015,0.014,0.021
2022-08-25 18:21:06,120.977,120.727,121.138,120.805,120.555,120.965,241.977,241.452,242.43,0.016,0.02,0.015,0.014,0.02
2022-08-25 18:26:02,120.903,120.714,121.045,120.731,120.543,120.873,241.784,241.425,241.969,0.016,0.019,0.016,0.014,0.021
2022-08-25 18:31:04,120.819,120.572,121.028,120.646,120.4,120.855,241.713,241.252,242.036,0.015,0.019,0.016,0.014,0.02
2022-08-25 18:36:05,120.584,120.104,121.037,120.414,119.936,120.866,241.213,240.061,242.032,9.392,18.423,9.398,0.015,18.436
2022-08-25 18:41:06,120.106,119.932,120.32,119.937,119.764,120.152,240.226,239.753,240.516,18.044,18.073,18.057,18.028,18.086
2022-08-25 18:46:03,120.132,119.869,120.307,119.958,119.695,120.134,240.226,239.771,240.567,18.042,18.067,18.055,18.013,18.08
2022-08-25 18:51:04,120.486,120.069,120.86,120.304,119.892,120.677,240.999,240.105,241.736,7.722,18.06,7.728,0.015,18.073
2022-08-25 18:56:05,120.549,120.368,120.748,120.363,120.183,120.563,241.089,240.828,241.402,0.015,0.019,0.015,0.014,0.021
2022-08-25 19:01:06,120.379,120.051,120.573,120.197,119.869,120.388,240.744,240.275,241.057,0.017,0.019,0.015,0.014,0.02
2022-08-25 19:06:03,120.336,120.119,120.506,120.152,119.936,120.322,240.664,240.346,240.924,0.014,0.02,0.016,0.014,0.019
2022-08-25 19:11:04,120.28,120.043,120.459,120.099,119.863,120.277,240.588,240.202,240.785,0.015,0.018,0.016,0.014,0.02
2022-08-25 19:16:05,120.312,120.053,120.807,120.131,119.874,120.626,240.666,240.285,241.608,0.016,0.019,0.016,0.014,0.021
2022-08-25 19:21:06,120.631,120.292,120.792,120.451,120.113,120.612,241.271,240.653,241.585,0.016,0.022,0.015,0.014,0.019
2022-08-25 19:26:03,120.439,120.217,120.588,120.26,120.038,120.41,240.893,240.411,241.181,0.015,0.017,0.015,0.014,0.021
2022-08-25 19:31:04,120.492,120.202,120.651,120.312,120.023,120.473,241.007,240.39,241.249,0.015,0.019,0.017,0.014,0.02
2022-08-25 19:36:05,120.456,120.236,120.568,120.279,120.059,120.39,240.906,240.559,241.133,0.015,0.019,0.015,0.014,0.019
2022-08-25 19:41:06,120.226,120.008,120.432,120.052,119.832,120.255,240.48,239.991,240.846,0.015,0.018,0.017,0.014,0.019
2022-08-25 19:46:03,120.209,119.98,120.379,120.033,119.806,120.204,240.407,240.009,240.675,0.015,0.017,0.016,0.014,0.02
2022-08-25 19:51:04,120.111,119.772,120.311,119.936,119.598,120.136,240.206,239.681,240.544,0.016,0.018,0.016,0.014,0.02
2022-08-25 19:56:05,120.019,119.853,120.255,119.845,119.678,120.079,240.068,239.654,240.512,0.016,0.018,0.016,0.014,0.02
2022-08-25 20:01:06,119.942,119.721,120.094,119.769,119.547,119.921,239.92,239.588,240.164,0.014,0.02,0.017,0.014,0.019
2022-08-25 20:06:03,119.905,119.751,120.007,119.731,119.577,119.834,239.81,239.488,240.07,0.015,0.019,0.015,0.014,0.02
2022-08-25 20:11:04,119.888,119.689,120.057,119.715,119.515,119.883,239.749,239.462,239.999,0.016,0.02,0.016,0.014,0.019
2022-08-25 20:16:05,119.989,119.557,121.193,119.816,119.385,121.016,239.977,239.039,242.408,0.015,0.019,0.017,0.014,0.021
2022-08-25 20:21:06,120.974,120.735,121.164,120.799,120.561,120.989,241.996,241.367,242.391,0.014,0.017,0.015,0.014,0.018
2022-08-25 20:26:03,120.867,120.553,121.049,120.694,120.38,120.875,241.771,241.354,242.016,0.016,0.017,0.016,0.014,0.019
2022-08-25 20:31:04,120.839,120.653,121.029,120.667,120.479,120.853,241.714,241.344,241.921,0.015,0.017,0.016,0.014,0.018
2022-08-25 20:36:06,120.794,120.579,121.006,120.621,120.407,120.833,241.617,241.052,242.013,0.014,0.019,0.015,0.014,0.02
2022-08-25 20:41:07,120.827,120.652,121.063,120.653,120.481,120.888,241.685,241.434,242.009,0.015,0.018,0.016,0.015,0.019
2022-08-25 20:46:04,120.857,120.662,121.041,120.684,120.489,120.867,241.761,241.452,242.139,0.016,0.02,0.017,0.014,0.02
2022-08-25 20:51:05,121.033,120.823,121.296,120.86,120.65,121.121,242.125,241.676,242.632,0.015,0.019,0.016,0.014,0.018
2022-08-25 20:56:06,121.188,121.012,121.288,121.016,120.837,121.114,242.411,241.991,242.622,0.014,0.018,0.016,0.014,0.02
2022-08-25 21:01:07,121.141,120.884,121.349,120.968,120.71,121.176,242.312,241.924,242.714,0.015,0.019,0.017,0.014,0.02
2022-08-25 21:06:04,121.117,120.961,121.285,120.944,120.787,121.111,242.291,241.94,242.484,0.016,0.018,0.017,0.014,0.019
2022-08-25 21:11:05,120.992,120.711,121.208,120.818,120.537,121.036,242.048,241.517,242.401,0.014,0.018,0.015,0.014,0.02
2022-08-25 21:16:06,120.814,120.57,120.992,120.64,120.396,120.82,241.685,241.207,242.079,0.015,0.019,0.016,0.014,0.02
2022-08-25 21:21:07,120.923,120.595,121.21,120.75,120.421,121.037,241.921,241.415,242.328,0.015,0.018,0.016,0.014,0.02
2022-08-25 21:26:04,120.857,120.651,121.005,120.684,120.478,120.831,241.725,241.302,242.079,0.014,0.018,0.017,0.014,0.019
2022-08-25 21:31:05,120.739,120.442,120.89,120.567,120.27,120.717,241.546,241.02,241.838,0.015,0.018,0.016,0.014,0.022
2022-08-25 21:36:06,120.681,120.507,120.873,120.509,120.334,120.699,241.41,241.155,241.669,0.017,0.018,0.017,0.014,0.018
2022-08-25 21:41:07,120.622,120.336,120.807,120.449,120.165,120.634,241.291,240.756,241.655,0.014,0.018,0.015,0.014,0.021
2022-08-25 21:46:04,120.585,120.385,120.774,120.411,120.211,120.601,241.208,240.673,241.55,0.015,0.019,0.015,0.014,0.019
2022-08-25 21:51:05,120.574,120.126,121.234,120.402,119.952,121.061,241.186,240.349,242.594,0.015,0.018,0.015,0.014,0.018
2022-08-25 22:02:38,114.392,0.19,120.177,114.236,0.194,120.011,228.816,0.142,240.228,0.01,0.017,0.007,0.004,0.012
2022-08-25 22:07:39,110.911,109.008,114.089,110.757,108.859,113.936,222.115,218.462,228.34,0.009,0.016,0.008,0.004,0.012
2022-08-25 22:12:40,111.426,109.007,120.186,111.271,108.858,120.019,223.117,218.456,240.238,0.009,0.014,0.008,0.004,0.014
2022-08-25 22:17:38,120.099,120.011,120.184,119.935,119.84,120.023,240.208,240.176,240.238,0.009,0.014,0.006,0.005,0.012
2022-08-25 22:22:39,120.093,120.011,120.185,119.926,119.844,120.019,240.212,240.172,240.242,0.009,0.015,0.006,0.004,0.011
2022-08-25 22:27:40,117.501,109.012,120.185,117.338,108.859,120.023,235.078,218.466,240.31,0.01,0.013,0.007,0.004,0.012
2022-08-25 22:32:41,119.198,109.011,120.187,119.031,108.862,120.021,238.453,218.492,240.242,0.01,0.015,0.011,0.005,0.019
2022-08-25 22:37:38,118.279,109.049,120.183,118.116,108.895,120.022,236.633,218.465,240.238,0.01,0.017,0.008,0.004,0.012
2022-08-25 22:42:39,118.186,109.01,120.184,118.02,108.858,120.019,236.435,218.467,240.241,0.01,0.014,0.009,0.004,0.012
2022-08-25 22:47:40,120.093,120.009,120.185,119.926,119.841,120.016,240.209,240.174,240.245,0.009,0.013,0.006,0.004,0.013
2022-08-25 22:52:41,118.747,114.009,120.181,118.583,113.857,120.022,237.516,228.248,240.237,0.008,0.014,0.008,0.005,0.013
2022-08-25 22:57:38,120.093,120.007,120.186,119.928,119.835,120.02,240.21,240.168,240.242,0.009,0.013,0.008,0.004,0.015
2022-08-25 23:02:39,109.473,108.009,120.179,109.323,107.86,120.018,219.112,216.358,240.2,0.01,0.016,0.008,0.004,0.013
2022-08-25 23:07:40,119.634,108.006,120.182,119.469,107.86,120.021,239.324,216.402,240.24,0.008,0.015,0.008,0.004,0.015
2022-08-25 23:12:41,112.662,108.005,120.182,112.508,107.856,120.012,225.452,216.357,240.234,0.01,0.015,0.008,0.004,0.014
2022-08-25 23:17:38,116.512,108.007,120.182,116.349,107.854,120.018,233.106,216.361,240.236,0.007,0.013,0.007,0.004,0.013
2022-08-25 23:22:39,115.701,108.008,120.183,115.539,107.859,120.015,231.49,216.36,240.268,0.01,0.014,0.008,0.004,0.013
2022-08-25 23:27:40,113.522,108.01,120.182,113.368,107.858,120.012,227.174,216.357,240.249,0.012,0.014,0.007,0.004,0.012
2022-08-25 23:32:41,118.42,108.011,120.184,118.254,107.858,120.018,236.879,216.372,240.245,0.009,0.012,0.007,0.004,0.013
2022-08-25 23:37:38,110.84,108.009,120.182,110.69,107.854,120.023,221.853,216.336,240.238,0.009,0.014,0.006,0.004,0.012
2022-08-25 23:42:39,120.096,120.009,120.185,119.93,119.839,120.021,240.211,240.177,240.248,0.008,0.014,0.009,0.004,0.012
2022-08-25 23:47:40,109.159,108.01,120.164,109.007,107.857,119.999,218.503,216.356,240.217,0.01,0.015,0.007,0.005,0.013
2022-08-25 23:52:41,120.103,120.01,120.185,119.935,119.842,120.023,240.207,240.181,240.247,0.009,0.016,0.008,0.004,0.012
2022-08-25 23:59:59,120.103,120.01,120.185,119.935,119.842,120.023,240.207,240.181,240.247,0.009,0.016,0.008,0.004,0.012